{
  "categories": [
    {
      "id": 0,
      "name": "10_cent_back"
    },
    {
      "id": 1,
      "name": "10_cent_front"
    },
    {
      "id": 2,
      "name": "1_cent_back"
    },
    {
      "id": 3,
      "name": "1_cent_front"
    },
    {
      "id": 4,
      "name": "1_euro_back"
    },
    {
      "id": 5,
      "name": "1_euro_front"
    },
    {
      "id": 6,
      "name": "50_cent_back"
    },
    {
      "id": 7,
      "name": "50_cent_front"
    },
    {
      "id": 8,
      "name": "5_cent_back"
    },
    {
      "id": 9,
      "name": "5_cent_front"
    }
  ],
  "info": {
    "year": 2025,
    "version": "1.0",
    "contributor": "Label Studio"
  }
}